"Vienna",
"Zürich",
"Auckland",
"Munich",
"Vancouver",
"Düsseldorf",
"Frankfurt",
"Geneva",
"Copenhagen",
"Sydney",
"Amsterdam",
"Wellington",
"Berlin",
"Bern",
"Toronto",
"Melbourne",
"Ottawa",
"Hamburg",
"Luxembourg",
"Stockholm",
"Brussels",
"Perth",
"Montreal",
"Stuttgart",
"Nuremberg",
"Singapore",
"Adelaide",
"San Francisco",
"Canberra",
"Helsinki",
"Oslo",
"Calgary",
"Dublin",
"Boston",
"Honolulu",
"Brisbane",
"Paris",
"Lyon",
"Barcelona",
"London",
"Milan",
"Lisbon",
"Chicago",
"New York",
"Tokyo",
"Edinburgh",
"Kobe",
"Seattle",
"Los Angeles",
"Yokohama",
"Washington",
